{
  "version": "0.2.0",
  "configurations": [
    {
      "type": "node",
      "request": "launch",
      "name": "Vite Dev Server",
      "runtimeExecutable": "npm",
      "runtimeArgs": ["run", "dev"],
      "console": "integratedTerminal",
      "internalConsoleOptions": "neverOpen",
      "autoAttachChildProcesses": true
    },
    {
      "name": "Launch Chrome with Vite",
      "type": "chrome",
      "request": "launch",
      "url": "http://localhost:3000",
      "webRoot": "${workspaceFolder}/src",
      "sourceMaps": true,
      "sourceMapPathOverrides": {
        "webpack:///./src/*": "${webRoot}/*"
      }
    }
  ],
  "compounds": [
    {
      "name": "Launch Vite and Debug",
      "configurations": ["Vite Dev Server", "Launch Chrome with Vite"]
    }
  ]
}
