{
    "version": "2.0.0",
    "tasks": [
        {
            "label": "start-vite",
            "type": "shell",
            "command": "npm",
            "args": [
                "run",
                "dev"
            ],
            "isBackground": true,
            "group": {
                "kind": "build",
                "isDefault": true
            },
            "presentation": {
                "reveal": "always",
                "panel": "new"
            },
            "problemMatcher": {
                "base": "$tsc-watch",
                "background": {
                    "activeOnStart": true,
                    "beginsPattern": "vite v",
                    "endsPattern": "localhost:"
                }
            }
        }
    ]
}